<?xml version="1.0" encoding="UTF-8"?>
<Settings>
    <Build>104</Build><!--For internal use only, do not modify or delete-->
    <REEF><!--For reef only-->
        <enabled>true</enabled><!--For REEF true else false-->
        <wsSecure>true</wsSecure><!--Set true if using https, set false if using http-->
        <wsHost>rest-api.reef-education.com</wsHost><!--Endpoint where i>clicker application should connect to REEF server, leaving this blank will make i>clicker application connect to rest-api.reef-education.com server-->
        <votePollingCycle>2000</votePollingCycle><!--How often to send the vote collecting request to REEF API server, value in milliseconds, minimum is 500ms and maximum is 60000ms-->
    </REEF>
    <SandP><!--For i>clicker Settings and Preferences-->
        <checkFreqInUse>true</checkFreqInUse><!--Option to configure whether i>clicker looks for other bases in close range using the same frequency. Set true to do the frequency check, set false to bypass the frequency check-->
    </SandP>
    <Poll><!--For i>clicker Polling-->
        <mcOnly>false</mcOnly><!--Set true to enable / force i>clicker to support Multiple Choice polling mode only, set false to keep all polling modes-->
        <mobileTab>true</mobileTab><!--Set true to enable / show REEF polling tab, false to hide REEF polling tab-->
    </Poll>
    <SeedData><!--For Seed Data Configuration-->
        <useSeedData>false</useSeedData><!--Set this property to activate seed data configuration when creating new course folders possible values (True/False)-->
        <CMS>general</CMS><!--Set this property to set the default LMS type when creating a new course possible values(General/BB/CANVAS/D2L/MOODLE/SAKAI/ANGEL)-->
        <frequencyAlert>0</frequencyAlert>
        <webCode></webCode>
    </SeedData>
    <MessageAlerts><!--Enable or Disable below defined message alerts in iclicker-->
        <disableAllMessageAlerts>false</disableAllMessageAlerts><!--Use this flag to disable all alert messages in one shot defined below-->
        <showLMSSyncWarningAlert>false</showLMSSyncWarningAlert><!--Use this flag to disable warning alert when the user clicks on the grade upload sync button for LMS-->
        <showGBRosterNotFoundAlert>true</showGBRosterNotFoundAlert><!--Setting this to false will not display roster not found message in gradebook screen-->
        <showGBSettingAlert>true</showGBSettingAlert><!--Setting this to false will not display the warning message for missing LMS settings-->
        <showSettingsRosterNotFoundAlert>true</showSettingsRosterNotFoundAlert><!--Setting this to false will not display roster not found message on settings and preference LMS Tab-->
    </MessageAlerts>
</Settings>
